PartipantID,TrialIndex,ChartName,TruePercentage,ReportedPercentage,Error,Angle
p7,0,pie,96.92308,100.0,1.6789371,1.7809482
p7,1,polar,95.83333,95.0,-0.0614082,1.7951958
p7,2,pie,22.448978,10.0,3.6523695,1.8357501
p7,3,polar,50.0,45.0,2.3575518,0.89759827
p7,4,pie,48.93617,60.0,3.4839873,0.0
p7,5,polar,78.02198,80.0,1.0724624,0.0
p7,6,pie,54.901962,40.0,3.9094813,1.0611602
p7,7,polar,55.714287,50.0,2.545792,0.8975979
p7,8,pie,78.57143,75.0,1.8861312,0.0
p7,9,polar,42.1875,35.0,2.8703647,0.0
