PartipantID,TrialIndex,ChartName,TruePercentage,ReportedPercentage,Error,Angle
p7,0,pie,48.0,40.0,3.0223677,2.01292
p7,1,polar,88.54167,80.0,3.115478,0.0
p7,2,pie,50.0,40.0,3.3398502,0.0
p7,3,polar,93.10345,90.0,1.6908404,0.0
p7,4,pie,86.734695,90.0,1.7614149,0.0
p7,5,polar,38.636364,20.0,4.229693,0.8975979
p7,6,pie,84.61539,89.0,2.1730037,0.0
p7,7,polar,52.083332,30.0,4.473029,0.0
p7,8,pie,53.333336,40.0,3.750428,0.9965267
p7,9,polar,75.64102,70.0,2.5275762,0.0
